chanel_ids,video_ids
UCMMvwLa0iHtOhIGAb9O_DKA,Pf-Vd9xEltA
UCMMvwLa0iHtOhIGAb9O_DKA,V3SSrZCBuxw
UCMMvwLa0iHtOhIGAb9O_DKA,j0Y9kHqyFBM
UCMMvwLa0iHtOhIGAb9O_DKA,L3kXVQ7E-X8
UCMMvwLa0iHtOhIGAb9O_DKA,O-zMMw9QPDE
UCMMvwLa0iHtOhIGAb9O_DKA,Eh1EIRF25A4
UCMMvwLa0iHtOhIGAb9O_DKA,e9LGJLCIL_U
UCMMvwLa0iHtOhIGAb9O_DKA,mvciiJcN328
UCMMvwLa0iHtOhIGAb9O_DKA,8pKx5R97YvQ
UCMMvwLa0iHtOhIGAb9O_DKA,iX0aV3JFbGM
UCScsOwqWgP63uqlNEGimJdA,4mfk2cgYK2s
UCScsOwqWgP63uqlNEGimJdA,3OdDSVrige8
UCScsOwqWgP63uqlNEGimJdA,Xe4B3D-xQLs
UCScsOwqWgP63uqlNEGimJdA,Xxq6Jl4TNnE
UCScsOwqWgP63uqlNEGimJdA,QYcBVVJkq-o
UCScsOwqWgP63uqlNEGimJdA,-j45rR0FAGE
UCScsOwqWgP63uqlNEGimJdA,5G7YLh1LhW8
UCScsOwqWgP63uqlNEGimJdA,UKOnBg92gSc
UCScsOwqWgP63uqlNEGimJdA,cBFoIN_AE8Q
UCScsOwqWgP63uqlNEGimJdA,U6gIWL6CLaY
UCuiyUjYZyG24sgzBG0P6WsQ,CgD8o_1tkK8
UCuiyUjYZyG24sgzBG0P6WsQ,_t1NnGbXuiE
UCuiyUjYZyG24sgzBG0P6WsQ,ZQVYHdkM9F4
UCuiyUjYZyG24sgzBG0P6WsQ,5UaOo66nzaI
UCuiyUjYZyG24sgzBG0P6WsQ,L5kKc0sQAkc
UCuiyUjYZyG24sgzBG0P6WsQ,QH81dAhsKw8
UCuiyUjYZyG24sgzBG0P6WsQ,oYOs3l_6gH4
UCuiyUjYZyG24sgzBG0P6WsQ,R4R7RS0sb1o
UCuiyUjYZyG24sgzBG0P6WsQ,iIpgm1yD8W4
UCuiyUjYZyG24sgzBG0P6WsQ,loLtnkMXIqo
UC9CfoBAZw3bU-OPmQDjVOnQ,6ozTerl7A2A
UC9CfoBAZw3bU-OPmQDjVOnQ,Iwrg-8JjZKI
UC9CfoBAZw3bU-OPmQDjVOnQ,aZ7J24AOnzc
UC9CfoBAZw3bU-OPmQDjVOnQ,J3i58GYNRB4
UC9CfoBAZw3bU-OPmQDjVOnQ,Knic3vfmDPg
UC9CfoBAZw3bU-OPmQDjVOnQ,FLWyGcc4J70
UC9CfoBAZw3bU-OPmQDjVOnQ,LqqpEk6Nl_4
UC9CfoBAZw3bU-OPmQDjVOnQ,vO7UnGTTqLs
UC9CfoBAZw3bU-OPmQDjVOnQ,4vKeiwQmJFY
UC9CfoBAZw3bU-OPmQDjVOnQ,eByP8TeBhQY
UCHc9z-1cnq5WFsFlj4nHj5A,bZl_vf9-DPY
UCHc9z-1cnq5WFsFlj4nHj5A,aQ7c8iOgoDA
UCHc9z-1cnq5WFsFlj4nHj5A,a-prqVckxzs
UCHc9z-1cnq5WFsFlj4nHj5A,g6dFJNIVImE
UCHc9z-1cnq5WFsFlj4nHj5A,CmY7HW19F3M
UCHc9z-1cnq5WFsFlj4nHj5A,QplsL60sX1A
UCHc9z-1cnq5WFsFlj4nHj5A,AafEvVhKrWU
UCHc9z-1cnq5WFsFlj4nHj5A,5bL5TarD40M
UCHc9z-1cnq5WFsFlj4nHj5A,V12uG5WwgYw
UCHc9z-1cnq5WFsFlj4nHj5A,Q4bY_0QeSC0
UC4I8H3mVdF9_JfbzmB7kbCA,rgW1CFRiWRk
UC4I8H3mVdF9_JfbzmB7kbCA,EDMSOZKxrxk
UC4I8H3mVdF9_JfbzmB7kbCA,2aY0xTzK22I
UC4I8H3mVdF9_JfbzmB7kbCA,cIaD5FgkZaM
UC4I8H3mVdF9_JfbzmB7kbCA,d2DVLGwEuEM
UC4I8H3mVdF9_JfbzmB7kbCA,qhBCJZq_3Zg
UC4I8H3mVdF9_JfbzmB7kbCA,oPHd9boLE58
UC4I8H3mVdF9_JfbzmB7kbCA,ZsdwCwNpy8o
UC4I8H3mVdF9_JfbzmB7kbCA,yp9yvn2aZLQ
UC4I8H3mVdF9_JfbzmB7kbCA,KwKQMCZM9Lg
UC11JyVNJCrxnw9lBr81qLCQ,E0cVNsyHl0o
UC11JyVNJCrxnw9lBr81qLCQ,41verf0Ipvs
UC11JyVNJCrxnw9lBr81qLCQ,Hhuey2jWChA
UC11JyVNJCrxnw9lBr81qLCQ,GMtWEI188O4
UC11JyVNJCrxnw9lBr81qLCQ,S9jInFCxrhI
UC11JyVNJCrxnw9lBr81qLCQ,mrNCvfRlRDg
UC11JyVNJCrxnw9lBr81qLCQ,aOaJnCjkHbw
UC11JyVNJCrxnw9lBr81qLCQ,0POMMLJYnnI
UC11JyVNJCrxnw9lBr81qLCQ,9zJ1mtK27cM
UC11JyVNJCrxnw9lBr81qLCQ,wJm4aJeMxZU
UC_057ZNgx593EqACxk8tV2A,mQn0WbNkCbY
UC_057ZNgx593EqACxk8tV2A,z6kWW0eseng
UC_057ZNgx593EqACxk8tV2A,CPEhOI-DNNU
UC_057ZNgx593EqACxk8tV2A,fA8Fv65HtnA
UC_057ZNgx593EqACxk8tV2A,MCUdyF44w3c
UC_057ZNgx593EqACxk8tV2A,jl6kZ37MNZg
UC_057ZNgx593EqACxk8tV2A,9dGrNCe9dxY
UC_057ZNgx593EqACxk8tV2A,_gCEOUnZEmo
UC_057ZNgx593EqACxk8tV2A,53vjRfq8op4
UC_057ZNgx593EqACxk8tV2A,Lc1hNeYvNgo
UCtsgnwfrFqtSaHPYolDKqcQ,ZkqsSTD9YbQ
UCtsgnwfrFqtSaHPYolDKqcQ,lbv2XeoeLss
UCtsgnwfrFqtSaHPYolDKqcQ,hXNuDTILzJw
UCtsgnwfrFqtSaHPYolDKqcQ,B_8E4ED_cq0
UCtsgnwfrFqtSaHPYolDKqcQ,3ozvnCMvXCQ
UCtsgnwfrFqtSaHPYolDKqcQ,Ek3varopwok
UCtsgnwfrFqtSaHPYolDKqcQ,2W-DkO7wmfU
UCtsgnwfrFqtSaHPYolDKqcQ,eU7Y_qIxkT0
UCtsgnwfrFqtSaHPYolDKqcQ,qnVWked0TKM
UCtsgnwfrFqtSaHPYolDKqcQ,-5r6qsILpds
UCpsODDwHouOgahpg0QjTOxA,P5MwrfEtPGY
UCpsODDwHouOgahpg0QjTOxA,iYZjpfR0RJg
UCpsODDwHouOgahpg0QjTOxA,JzkQde7zL9k
UCpsODDwHouOgahpg0QjTOxA,e3yHeQ2b24Q
UCpsODDwHouOgahpg0QjTOxA,0NvjmKWh6iY
UCpsODDwHouOgahpg0QjTOxA,NiG9OLilT6I
UCpsODDwHouOgahpg0QjTOxA,EPtDZD_UzDA
UCpsODDwHouOgahpg0QjTOxA,7SsEAoylyME
UCpsODDwHouOgahpg0QjTOxA,Sn21o-9qVZg
UCpsODDwHouOgahpg0QjTOxA,we-kCPevf-g
UC0fr7L8Q0W0_Nsn6uv7fpzA,MhUWotGKlHc
UC0fr7L8Q0W0_Nsn6uv7fpzA,cWC90ocexgE
UC0fr7L8Q0W0_Nsn6uv7fpzA,Dm5wLfxRAyw
UC0fr7L8Q0W0_Nsn6uv7fpzA,WV1nh7JLU8c
UC0fr7L8Q0W0_Nsn6uv7fpzA,WzZPm_5opmk
UC0fr7L8Q0W0_Nsn6uv7fpzA,WgytqMynbaY
UC0fr7L8Q0W0_Nsn6uv7fpzA,SNvMc36a63g
UC0fr7L8Q0W0_Nsn6uv7fpzA,_DfHzCmrZ1U
UC0fr7L8Q0W0_Nsn6uv7fpzA,ymVk_5aUP5w
UC0fr7L8Q0W0_Nsn6uv7fpzA,nkK16U9peB4
UCo5OS1s56fEDwGS3NrEHGww,Hzf7MaAZ10o
UCo5OS1s56fEDwGS3NrEHGww,mZYiQVNjPWM
UCo5OS1s56fEDwGS3NrEHGww,T_TzolKpivU
UCo5OS1s56fEDwGS3NrEHGww,bINj20dkPHI
UCo5OS1s56fEDwGS3NrEHGww,Mk2aLRnsn4o
UCo5OS1s56fEDwGS3NrEHGww,bW50OmwBTLs
UCo5OS1s56fEDwGS3NrEHGww,OG2KWbLxT7U
UCo5OS1s56fEDwGS3NrEHGww,LmWasudxcG4
UCo5OS1s56fEDwGS3NrEHGww,P1pSx21mgrs
UCo5OS1s56fEDwGS3NrEHGww,vpw__WYc3dY
UCj_Bs4eNZb-GfUFi5dh39kw,-toGUhWXpFE
UCj_Bs4eNZb-GfUFi5dh39kw,OQLnqhzwTbo
UCj_Bs4eNZb-GfUFi5dh39kw,wrJzJNPnstM
UCj_Bs4eNZb-GfUFi5dh39kw,J4w9Jqeokn0
UCj_Bs4eNZb-GfUFi5dh39kw,FIzQwDPWfTM
UCj_Bs4eNZb-GfUFi5dh39kw,ih-bREsRFvc
UCj_Bs4eNZb-GfUFi5dh39kw,NwsTyu9HZc0
UCj_Bs4eNZb-GfUFi5dh39kw,75hTyCe1Afc
UCj_Bs4eNZb-GfUFi5dh39kw,ry4y047wcYw
UCj_Bs4eNZb-GfUFi5dh39kw,HIX0clXYYAo
UC7okHv98PUJ22elqdoSa8Mg,LUeUtgSl7SU
UC7okHv98PUJ22elqdoSa8Mg,lbL5MI47aBM
UC7okHv98PUJ22elqdoSa8Mg,-Wf3sN7d1Yg
UC7okHv98PUJ22elqdoSa8Mg,zgV0K_qkbgU
UC7okHv98PUJ22elqdoSa8Mg,2ldhtCZCFMg
UC7okHv98PUJ22elqdoSa8Mg,hP0GrYN-19Y
UC7okHv98PUJ22elqdoSa8Mg,mK24QQUrtUc
UC7okHv98PUJ22elqdoSa8Mg,7nCwfM9MIyQ
UC7okHv98PUJ22elqdoSa8Mg,uiq5Rwnwccc
UC7okHv98PUJ22elqdoSa8Mg,e93sqRycVh0
UCo5MP6RaOvY11fE95UdgmUw,HwC-KlI7D34
UCo5MP6RaOvY11fE95UdgmUw,mvZtXzJrNeE
UCo5MP6RaOvY11fE95UdgmUw,FdtBSg6YVNE
UCo5MP6RaOvY11fE95UdgmUw,xQ6cdcG3X2E
UCo5MP6RaOvY11fE95UdgmUw,n9sTn0SXrLo
UCo5MP6RaOvY11fE95UdgmUw,57igfSFcna4
UCo5MP6RaOvY11fE95UdgmUw,pllJTaaTL8E
UCo5MP6RaOvY11fE95UdgmUw,p5K-isJJW-M
UCo5MP6RaOvY11fE95UdgmUw,F58_4duIuCA
UCo5MP6RaOvY11fE95UdgmUw,5zbuitkoH4I
UCtnjrIv4aVpDQ9c0d9TyW8w,orAwvEJbOGw
UCtnjrIv4aVpDQ9c0d9TyW8w,4PU6CWRu8xE
UCtnjrIv4aVpDQ9c0d9TyW8w,XIQNQp3oU8k
UCtnjrIv4aVpDQ9c0d9TyW8w,ghamb9Td2aE
UCtnjrIv4aVpDQ9c0d9TyW8w,YKTjDB-qTaE
UCtnjrIv4aVpDQ9c0d9TyW8w,8rpEJXoVGZQ
UCtnjrIv4aVpDQ9c0d9TyW8w,RLNF5rUVVms
UCtnjrIv4aVpDQ9c0d9TyW8w,CbxI5kEFQUA
UCtnjrIv4aVpDQ9c0d9TyW8w,kxRjwzx2Cy8
UCtnjrIv4aVpDQ9c0d9TyW8w,__IxnLL5AB8
UC9F4-O3QV-zmv1wtT5x2iPA,pcT-CadO-yE
UC9F4-O3QV-zmv1wtT5x2iPA,ppGADm3ENUc
UC9F4-O3QV-zmv1wtT5x2iPA,XCPAOvu_PUU
UC9F4-O3QV-zmv1wtT5x2iPA,dIrbuJ_OaKs
UC9F4-O3QV-zmv1wtT5x2iPA,DQzUhH7-9pU
UC9F4-O3QV-zmv1wtT5x2iPA,_tPECZsid1A
UC9F4-O3QV-zmv1wtT5x2iPA,pblPOiJbzMc
UC9F4-O3QV-zmv1wtT5x2iPA,bMbLHgckIU8
UC9F4-O3QV-zmv1wtT5x2iPA,HILGJJxkfPg
UC9F4-O3QV-zmv1wtT5x2iPA,zAash5S7WXk
UCa7TAeI3H1sLhJpFB4JLPKg,JXaMndp9IaI
UCa7TAeI3H1sLhJpFB4JLPKg,E8JjN8bos-U
UCa7TAeI3H1sLhJpFB4JLPKg,WOhcejm2iuY
UCa7TAeI3H1sLhJpFB4JLPKg,nYcgOnXN6OM
UCa7TAeI3H1sLhJpFB4JLPKg,i4doeppdQ5U
UCa7TAeI3H1sLhJpFB4JLPKg,5l9LH0ZOZCs
UCa7TAeI3H1sLhJpFB4JLPKg,ppbpTHxV-cQ
UCa7TAeI3H1sLhJpFB4JLPKg,Qbzf166pqYc
UCa7TAeI3H1sLhJpFB4JLPKg,xbgvNeXiQro
UCa7TAeI3H1sLhJpFB4JLPKg,C7rROM7ZcDI
UCoySKWOQJZT2zj95aTWn6ZA,vDfowUHizqU
UCoySKWOQJZT2zj95aTWn6ZA,6v0pvCfgddw
UCoySKWOQJZT2zj95aTWn6ZA,VnoN3Uoq_Us
UCoySKWOQJZT2zj95aTWn6ZA,1S2VSENVYpw
UCoySKWOQJZT2zj95aTWn6ZA,ytzCy_xyvJ8
UCoySKWOQJZT2zj95aTWn6ZA,7n8K1HxdXZ0
UCoySKWOQJZT2zj95aTWn6ZA,O_qNiXmtMkk
UCoySKWOQJZT2zj95aTWn6ZA,PkHUihHPqJM
UCoySKWOQJZT2zj95aTWn6ZA,_RBE19hAO2Q
UCoySKWOQJZT2zj95aTWn6ZA,2KoirQzwlpM
UCLeFsWiu95Q1SQWCTKVM4kQ,nytKkYF85XU
UCLeFsWiu95Q1SQWCTKVM4kQ,-Kq1uYPIZvY
UCLeFsWiu95Q1SQWCTKVM4kQ,V6VDiiylVZI
UCLeFsWiu95Q1SQWCTKVM4kQ,-r25ZKiuD44
UCLeFsWiu95Q1SQWCTKVM4kQ,-Qn4SspLUko
UCLeFsWiu95Q1SQWCTKVM4kQ,1LXx9g3d96I
UCLeFsWiu95Q1SQWCTKVM4kQ,jaJcEodTUbY
UCLeFsWiu95Q1SQWCTKVM4kQ,ot0xX-J8N88
UCLeFsWiu95Q1SQWCTKVM4kQ,dC_2UjtUaJM
UCLeFsWiu95Q1SQWCTKVM4kQ,KrszsTQo2k4
UChvx34aq3UcP8G9t3j5bRpg,eZk-z3dnneg
UChvx34aq3UcP8G9t3j5bRpg,tZE7IRDP1x0
UChvx34aq3UcP8G9t3j5bRpg,HyG8Jb8smjI
UChvx34aq3UcP8G9t3j5bRpg,pv6I_br2jw4
UChvx34aq3UcP8G9t3j5bRpg,nShOG62kO0U
UChvx34aq3UcP8G9t3j5bRpg,LsyvGgXFexw
UChvx34aq3UcP8G9t3j5bRpg,rszfNiWobR8
UChvx34aq3UcP8G9t3j5bRpg,H5ApK5rigAI
UChvx34aq3UcP8G9t3j5bRpg,d_wJa1TfIdc
UChvx34aq3UcP8G9t3j5bRpg,AJneaH1FtGA
UC3hg0EWWQYmrd90xzuSmVXQ,mSZVXuJG-FE
UC3hg0EWWQYmrd90xzuSmVXQ,mgHBWaQVBHU
UC3hg0EWWQYmrd90xzuSmVXQ,DPCXwwxq9xc
UC3hg0EWWQYmrd90xzuSmVXQ,Q4O0bmefauA
UC3hg0EWWQYmrd90xzuSmVXQ,JJSg7XJ9jIA
UC3hg0EWWQYmrd90xzuSmVXQ,Z4ryrb6KN_c
UC3hg0EWWQYmrd90xzuSmVXQ,LAxcrSJ0d80
UC3hg0EWWQYmrd90xzuSmVXQ,Dl9EDMpbts4
UC3hg0EWWQYmrd90xzuSmVXQ,WRCeM2UAy4Q
UC3hg0EWWQYmrd90xzuSmVXQ,yr-y02pYbqI
UCIs7Zsfg3drz40hVtPYy6_A,5hZj1rX-8Eg
UCIs7Zsfg3drz40hVtPYy6_A,i1Ek_kHeKOU
UCIs7Zsfg3drz40hVtPYy6_A,jTcMh0yvYoc
UCIs7Zsfg3drz40hVtPYy6_A,fp2Jq20Dhi0
UCIs7Zsfg3drz40hVtPYy6_A,8QDe4nvkH4g
UCIs7Zsfg3drz40hVtPYy6_A,5OePWlP2UOo
UCIs7Zsfg3drz40hVtPYy6_A,_FWJqUrO-1k
UCIs7Zsfg3drz40hVtPYy6_A,bD2ka1QYFjM
UCIs7Zsfg3drz40hVtPYy6_A,7msstFk1b1A
UCIs7Zsfg3drz40hVtPYy6_A,HWg9DaJQ_1Y
UCK7pnez-PCG9TgkEMIn9N2Q,M_Kk-z9GmQ4
UCK7pnez-PCG9TgkEMIn9N2Q,LySQnp9uFdk
UCK7pnez-PCG9TgkEMIn9N2Q,BfaYxOvyC2Y
UCK7pnez-PCG9TgkEMIn9N2Q,FPkXg0jJUL4
UCK7pnez-PCG9TgkEMIn9N2Q,iiNoRnsHUtY
UCK7pnez-PCG9TgkEMIn9N2Q,mc5fKSK2mDw
UCK7pnez-PCG9TgkEMIn9N2Q,oeSFR7ISwFU
UCK7pnez-PCG9TgkEMIn9N2Q,Y4-sibQTyBc
UCK7pnez-PCG9TgkEMIn9N2Q,Knu2HvEFdnA
UCK7pnez-PCG9TgkEMIn9N2Q,cjYNS6NC_BY
UC5cRWTK9a81kSq2WmkObCGg,Ce9-T22fqB0
UC5cRWTK9a81kSq2WmkObCGg,_DjXSMWl6LI
UC5cRWTK9a81kSq2WmkObCGg,h8hfTEvIbz8
UC5cRWTK9a81kSq2WmkObCGg,yiy2BsOM7gE
UC5cRWTK9a81kSq2WmkObCGg,Fm5t8HJe1Qg
UC5cRWTK9a81kSq2WmkObCGg,A_t6KRaEKeE
UC5cRWTK9a81kSq2WmkObCGg,ORVzYSV1rR0
UC5cRWTK9a81kSq2WmkObCGg,XK5cLYmxr4s
UC5cRWTK9a81kSq2WmkObCGg,zZ0lFC2wB58
UC5cRWTK9a81kSq2WmkObCGg,6PU0taglh2g
UClL7bG6UMFkIrONj5OYARfA,FcFCCaF0Eps
UClL7bG6UMFkIrONj5OYARfA,ss87Ab6ZBpM
UClL7bG6UMFkIrONj5OYARfA,BPJY1K7LG2w
UClL7bG6UMFkIrONj5OYARfA,22ApC4owNm4
UClL7bG6UMFkIrONj5OYARfA,aLhAg7zwhuE
UClL7bG6UMFkIrONj5OYARfA,-p-zd3Dacfo
UClL7bG6UMFkIrONj5OYARfA,xM2pXORe2Kg
UClL7bG6UMFkIrONj5OYARfA,Dlp0s13zT0E
UClL7bG6UMFkIrONj5OYARfA,SLC1iEzFdnk
UClL7bG6UMFkIrONj5OYARfA,ZoXZoSNHqTg
UCPCy0uzJOx0dCnKJAgssDyg,t08z6_sStY8
UCPCy0uzJOx0dCnKJAgssDyg,ILY7SOJkH1k
UCPCy0uzJOx0dCnKJAgssDyg,eEY_sijGT38
UCPCy0uzJOx0dCnKJAgssDyg,x5HmhO5D5KY
UCPCy0uzJOx0dCnKJAgssDyg,WFewYMhRf8Q
UCPCy0uzJOx0dCnKJAgssDyg,EvFUeUMM9zE
UCPCy0uzJOx0dCnKJAgssDyg,lqhwGoXKVz8
UCPCy0uzJOx0dCnKJAgssDyg,LmCM-etJaAA
UCPCy0uzJOx0dCnKJAgssDyg,bDFjToergjE
UCPCy0uzJOx0dCnKJAgssDyg,HL864spi-bk
UCfrDgogelcA41APeF7P94MQ,ir6sXJHc20Y
UCfrDgogelcA41APeF7P94MQ,MnFBwvN2w1A
UCfrDgogelcA41APeF7P94MQ,tGcueQPfMWg
UCfrDgogelcA41APeF7P94MQ,jsz1yia7Iho
UCfrDgogelcA41APeF7P94MQ,3dJ8WfoYRhs
UCfrDgogelcA41APeF7P94MQ,hWZJ_tSPTMI
UCfrDgogelcA41APeF7P94MQ,vRDuZI-bbUg
UCfrDgogelcA41APeF7P94MQ,Gms156GBZF0
UCfrDgogelcA41APeF7P94MQ,teDYqSTbXys
UCfrDgogelcA41APeF7P94MQ,npPlSProa3M
UC5ezaYrzZpyItPSRG27MLpg,Byk1EVlc6sU
UC5ezaYrzZpyItPSRG27MLpg,xC46_GF4bQM
UC5ezaYrzZpyItPSRG27MLpg,pxcu5xORxFo
UC5ezaYrzZpyItPSRG27MLpg,pHHrKIl5xpk
UC5ezaYrzZpyItPSRG27MLpg,6XbP3ae9cJY
UC5ezaYrzZpyItPSRG27MLpg,02joudWsPZk
UC5ezaYrzZpyItPSRG27MLpg,85UmnkEzVSk
UC5ezaYrzZpyItPSRG27MLpg,IeU2yKJ3zxU
UC5ezaYrzZpyItPSRG27MLpg,UYb6V_XKFWg
UC5ezaYrzZpyItPSRG27MLpg,2PK4IZCDWEM
UC3Kubm5SlhwhxiiUFFrrxVQ,qgr9yUgr8mI
UC3Kubm5SlhwhxiiUFFrrxVQ,6YU9jCwMZHc
UC3Kubm5SlhwhxiiUFFrrxVQ,PlyaPeEUGsg
UC3Kubm5SlhwhxiiUFFrrxVQ,bWLg5Ud1k8U
UC3Kubm5SlhwhxiiUFFrrxVQ,e8h3X-a2cK0
UC3Kubm5SlhwhxiiUFFrrxVQ,XGmdF2836k4
UC3Kubm5SlhwhxiiUFFrrxVQ,TltAYOC39hM
UC3Kubm5SlhwhxiiUFFrrxVQ,wdEebnxOppI
UC3Kubm5SlhwhxiiUFFrrxVQ,zemqGzsUdYQ
UC3Kubm5SlhwhxiiUFFrrxVQ,Nf6wxZvC4zg
UC4xDE7vPEDoMVlN79OCC-rQ,AHPIZYJXzgY
UC4xDE7vPEDoMVlN79OCC-rQ,M2RIgvhCTPM
UC4xDE7vPEDoMVlN79OCC-rQ,uYaOLanxYCc
UC4xDE7vPEDoMVlN79OCC-rQ,P23xOTttpS8
UC4xDE7vPEDoMVlN79OCC-rQ,YuJA2Z5UOhc
UC4xDE7vPEDoMVlN79OCC-rQ,GU9ArDxjBag
UC4xDE7vPEDoMVlN79OCC-rQ,TGE8gFo05fo
UC4xDE7vPEDoMVlN79OCC-rQ,lY5CBDKC0QU
UC4xDE7vPEDoMVlN79OCC-rQ,fRHKhwJlFyc
UC4xDE7vPEDoMVlN79OCC-rQ,oLmKlK63caU
UC0DHkN8GvXGXRf3SA2PKKcg,KsftKMFT1jw
UC0DHkN8GvXGXRf3SA2PKKcg,y4NGZoSRl4o
UC0DHkN8GvXGXRf3SA2PKKcg,7K_owT0Cep0
UC0DHkN8GvXGXRf3SA2PKKcg,oXCZ8q1MqWc
UC0DHkN8GvXGXRf3SA2PKKcg,bE-FNh_Ey_Y
UC0DHkN8GvXGXRf3SA2PKKcg,y9NQY6WZ0yg
UC0DHkN8GvXGXRf3SA2PKKcg,dYSUJGNi5ag
UC0DHkN8GvXGXRf3SA2PKKcg,Ghb3pABvtzo
UC0DHkN8GvXGXRf3SA2PKKcg,5wAW49temOw
UC0DHkN8GvXGXRf3SA2PKKcg,x7_RsMFjSMI
UC0V2B8QXzD70u3tBbmX6L0A,8KLLZd-L5hw
UC0V2B8QXzD70u3tBbmX6L0A,h-FzSmWy--U
UC0V2B8QXzD70u3tBbmX6L0A,vTT9Qya-K7Q
UC0V2B8QXzD70u3tBbmX6L0A,V27n95HyvpE
UC0V2B8QXzD70u3tBbmX6L0A,NEPK0NAdF14
UC0V2B8QXzD70u3tBbmX6L0A,bRMINdABbt4
UC0V2B8QXzD70u3tBbmX6L0A,2YSnjjnPjWQ
UC0V2B8QXzD70u3tBbmX6L0A,PPxAKGUc__E
UC0V2B8QXzD70u3tBbmX6L0A,_bHHZoLa-DI
UC0V2B8QXzD70u3tBbmX6L0A,evRxw-nP3H0
UCP946x0lBUIBuVIobV1aRkQ,BKlmk3UGZAM
UCP946x0lBUIBuVIobV1aRkQ,laQUWD9BrS0
UCP946x0lBUIBuVIobV1aRkQ,ICKLBAO6t84
UCP946x0lBUIBuVIobV1aRkQ,vJloqSgKV-o
UCP946x0lBUIBuVIobV1aRkQ,ew3yBr_mSho
UCP946x0lBUIBuVIobV1aRkQ,u0Igxpk10uw
UCP946x0lBUIBuVIobV1aRkQ,a16YKdFxJVY
UCP946x0lBUIBuVIobV1aRkQ,pPaxfsGqgc8
UCP946x0lBUIBuVIobV1aRkQ,Vfko4hQ3Kcg
UCP946x0lBUIBuVIobV1aRkQ,_bkbH6vgIAU
UCUsDOD3erhgLcz2a_2JW8Fw,3xzEe5U5Xn0
UCUsDOD3erhgLcz2a_2JW8Fw,H9qGnJZZ6oU
UCUsDOD3erhgLcz2a_2JW8Fw,lX7YNXVcNM4
UCUsDOD3erhgLcz2a_2JW8Fw,jW1GURrCk18
UCUsDOD3erhgLcz2a_2JW8Fw,FFNyEWpmKKc
UCUsDOD3erhgLcz2a_2JW8Fw,7Cui9uKSNbM
UCUsDOD3erhgLcz2a_2JW8Fw,icAv8mZXZco
UCUsDOD3erhgLcz2a_2JW8Fw,FQyO3SN5mJg
UCUsDOD3erhgLcz2a_2JW8Fw,nM_s4vV8afg
UCUsDOD3erhgLcz2a_2JW8Fw,IhCPKhQROEU
UCbGPgvNunvclTypPtL3sa0w,L1Zk06bv41E
UCbGPgvNunvclTypPtL3sa0w,jQhPIRd-oqU
UCbGPgvNunvclTypPtL3sa0w,6ZuXgjc7Esk
UCbGPgvNunvclTypPtL3sa0w,p8FBTDezyvE
UCbGPgvNunvclTypPtL3sa0w,oAmTa-pZeLw
UCbGPgvNunvclTypPtL3sa0w,rzYhnd1rioU
UCbGPgvNunvclTypPtL3sa0w,MPJYPu6stgY
UCbGPgvNunvclTypPtL3sa0w,hVYz-EF0Nyc
UCbGPgvNunvclTypPtL3sa0w,obXXEHsJHNo
UCbGPgvNunvclTypPtL3sa0w,gTkNOKpqXjE
UCcN8wye_cK6dudgebejcWXg,D96fzZntgWo
UCcN8wye_cK6dudgebejcWXg,LxpgTLl_6Zw
UCcN8wye_cK6dudgebejcWXg,QR12ZJete54
UCcN8wye_cK6dudgebejcWXg,W2ghWOiwiwQ
UCcN8wye_cK6dudgebejcWXg,zIJNdSi60ME
UCcN8wye_cK6dudgebejcWXg,CLesj7xxMK0
UCcN8wye_cK6dudgebejcWXg,f8zV7BBWQLg
UCcN8wye_cK6dudgebejcWXg,oRfSlttQkBo
UCcN8wye_cK6dudgebejcWXg,emHsQuZ5pTQ
UCcN8wye_cK6dudgebejcWXg,Ha9oWKYm6j8
UCCTYPB2dS_eo8dzc15GdOlQ,yX33pV6de2Q
UCCTYPB2dS_eo8dzc15GdOlQ,jMiG-QWm2Cg
UCCTYPB2dS_eo8dzc15GdOlQ,gdVe8IpZ0s8
UCCTYPB2dS_eo8dzc15GdOlQ,FzzKRjM_kXI
UCCTYPB2dS_eo8dzc15GdOlQ,05_8riD5eho
UCCTYPB2dS_eo8dzc15GdOlQ,9G1Kuey7Nbc
UCCTYPB2dS_eo8dzc15GdOlQ,YhmMKjPoXzY
UCCTYPB2dS_eo8dzc15GdOlQ,ZMUOGrrrYvo
UCCTYPB2dS_eo8dzc15GdOlQ,vx7EAQ8Bs6E
UCCTYPB2dS_eo8dzc15GdOlQ,z72nTFAxMWA
UCv3-J3bcjMQhteTr0YLM8Ag,QTjGccrTMPs
UCv3-J3bcjMQhteTr0YLM8Ag,xHYFZuz9-Yo
UCv3-J3bcjMQhteTr0YLM8Ag,M7il8BSzK5c
UCv3-J3bcjMQhteTr0YLM8Ag,MBHq6ChxN9k
UCv3-J3bcjMQhteTr0YLM8Ag,lFNiFDpWyfY
UCv3-J3bcjMQhteTr0YLM8Ag,1TrO-mEDtfU
UCv3-J3bcjMQhteTr0YLM8Ag,aTBZbTmUusM
UCv3-J3bcjMQhteTr0YLM8Ag,obfOD7qXasc
UCv3-J3bcjMQhteTr0YLM8Ag,oYJdF-a4_Lg
UCv3-J3bcjMQhteTr0YLM8Ag,B6qi2_gn_YM
UClBo8P_sCpV2KDilKaJ5AKQ,FnKICjYyhIQ
UClBo8P_sCpV2KDilKaJ5AKQ,Joiw3K5zmYE
UClBo8P_sCpV2KDilKaJ5AKQ,TodndM68WG8
UClBo8P_sCpV2KDilKaJ5AKQ,faY5j0Srbos
UClBo8P_sCpV2KDilKaJ5AKQ,cZAaRQEydqs
UClBo8P_sCpV2KDilKaJ5AKQ,E9bROole1sw
UClBo8P_sCpV2KDilKaJ5AKQ,Abzd1NLUFlA
UClBo8P_sCpV2KDilKaJ5AKQ,2E5EFEoAeYU
UClBo8P_sCpV2KDilKaJ5AKQ,nc9PUHnT8EE
UClBo8P_sCpV2KDilKaJ5AKQ,zqoP1SIdyZw
UC-BAiHpaX4J1w1n5WKrQoEw,VZuT-EqA9eQ
UC-BAiHpaX4J1w1n5WKrQoEw,fQtdOwEqs0U
UC-BAiHpaX4J1w1n5WKrQoEw,OQP_McCuSi4
UC-BAiHpaX4J1w1n5WKrQoEw,4v1D9gfuc7E
UC-BAiHpaX4J1w1n5WKrQoEw,zpdMnk_oEZU
UC-BAiHpaX4J1w1n5WKrQoEw,9cElXNO1DRw
UC-BAiHpaX4J1w1n5WKrQoEw,bKb_Au6kBU8
UC-BAiHpaX4J1w1n5WKrQoEw,zE8yZI8dmNw
UC-BAiHpaX4J1w1n5WKrQoEw,O_OSPqBU4Ng
UC-BAiHpaX4J1w1n5WKrQoEw,xU2qNo5w2kI
UC36S2xVKMCg6_hGR3j5s18A,fObgRDEkxLw
UC36S2xVKMCg6_hGR3j5s18A,kwAnS-WKd6k
UC36S2xVKMCg6_hGR3j5s18A,ZIkiNXqprsY
UC36S2xVKMCg6_hGR3j5s18A,Zp9EBTdexbo
UC36S2xVKMCg6_hGR3j5s18A,7CedJkTB5SQ
UC36S2xVKMCg6_hGR3j5s18A,GwcmmEd7b5U
UC36S2xVKMCg6_hGR3j5s18A,_gufRNZQMjk
UC36S2xVKMCg6_hGR3j5s18A,IwYMBwBaz8Y
UC36S2xVKMCg6_hGR3j5s18A,ofTdfvc39nU
UC36S2xVKMCg6_hGR3j5s18A,lplP3pVgRlU
UCoYCfdHaIZn9umKrv5ArOUQ,RW1xR_qD5j4
UCoYCfdHaIZn9umKrv5ArOUQ,SqLncbROO_0
UCoYCfdHaIZn9umKrv5ArOUQ,-nFpVkabd_Y
UCoYCfdHaIZn9umKrv5ArOUQ,xs6pmvKIFrw
UCoYCfdHaIZn9umKrv5ArOUQ,6PCTTy7NaHo
UCoYCfdHaIZn9umKrv5ArOUQ,Fmye71hP75Y
UCoYCfdHaIZn9umKrv5ArOUQ,PnDIYyZV5Zo
UCoYCfdHaIZn9umKrv5ArOUQ,dtJ40iZSzmw
UCoYCfdHaIZn9umKrv5ArOUQ,BWZHdl58VP4
UCoYCfdHaIZn9umKrv5ArOUQ,zQyNV-gf74Y
UCk--sE2zHBBvNrxy0q6e0ag,fVT2-htfxtA
UCk--sE2zHBBvNrxy0q6e0ag,MGZlCUZfkdU
UCk--sE2zHBBvNrxy0q6e0ag,S1noVchxNDc
UCk--sE2zHBBvNrxy0q6e0ag,yxiKDAZvYd4
UCk--sE2zHBBvNrxy0q6e0ag,R7p2_YvNNrY
UCk--sE2zHBBvNrxy0q6e0ag,NGq2aC09aKw
UCk--sE2zHBBvNrxy0q6e0ag,KWpLYYt_UGY
UCk--sE2zHBBvNrxy0q6e0ag,Qm4RPAD1rFU
UCk--sE2zHBBvNrxy0q6e0ag,vp-uBbr21WU
UCk--sE2zHBBvNrxy0q6e0ag,6NdfCLeO4dY
UCZE7PZ4TOBFs4iU-9lMczHw,uvUF9wxRdA4
UCZE7PZ4TOBFs4iU-9lMczHw,eVTLnRi4e8g
UCZE7PZ4TOBFs4iU-9lMczHw,8raNnCWh37E
UCZE7PZ4TOBFs4iU-9lMczHw,gqe2TWag7gs
UCZE7PZ4TOBFs4iU-9lMczHw,-bYmUHgziL4
UCZE7PZ4TOBFs4iU-9lMczHw,nvI4Lv9vbmw
UCZE7PZ4TOBFs4iU-9lMczHw,_6ydZajW4FA
UCZE7PZ4TOBFs4iU-9lMczHw,u-43SbZt8N4
UCZE7PZ4TOBFs4iU-9lMczHw,VsHsn3E64-o
UCZE7PZ4TOBFs4iU-9lMczHw,sjyqLptfDRI
UC2AgmQzXFeUcsEt0EgibMAA,Uyjp4mYiUPo
UC2AgmQzXFeUcsEt0EgibMAA,SpPaSPM9AXw
UC2AgmQzXFeUcsEt0EgibMAA,recwPFtsBO8
UC2AgmQzXFeUcsEt0EgibMAA,CtpYZ8KeISg
UC2AgmQzXFeUcsEt0EgibMAA,-4lvg8JF7w8
UC2AgmQzXFeUcsEt0EgibMAA,dN4-fQoC-78
UC2AgmQzXFeUcsEt0EgibMAA,gciXgE4-I10
UC2AgmQzXFeUcsEt0EgibMAA,hdfhnbwHWUs
UC2AgmQzXFeUcsEt0EgibMAA,yxCMToPWQu4
UC2AgmQzXFeUcsEt0EgibMAA,HmL8zeuvVSU
UC2T_P9jEYStw5aPPVqs8GxQ,XspVx07jDUU
UC2T_P9jEYStw5aPPVqs8GxQ,hhQbezfX6wE
UC2T_P9jEYStw5aPPVqs8GxQ,cW2sHQpW-CQ
UC2T_P9jEYStw5aPPVqs8GxQ,-eEsyTNfvSE
UC2T_P9jEYStw5aPPVqs8GxQ,Jfuqp5AriR8
UC2T_P9jEYStw5aPPVqs8GxQ,Q-vyUiK9Ou8
UC2T_P9jEYStw5aPPVqs8GxQ,FHU4ipx5sP8
UC2T_P9jEYStw5aPPVqs8GxQ,CwRy1uvNmyI
UC2T_P9jEYStw5aPPVqs8GxQ,4plTFw9y_MQ
UC2T_P9jEYStw5aPPVqs8GxQ,xuDpNRDYR84
UCu6NOHJ_Mjrp7-P452FaS9w,s3vtTwDtBgI
UCu6NOHJ_Mjrp7-P452FaS9w,TJt0ALqzsBU
UCu6NOHJ_Mjrp7-P452FaS9w,GrIsclFeloE
UCu6NOHJ_Mjrp7-P452FaS9w,yd58d4tFp2g
UCu6NOHJ_Mjrp7-P452FaS9w,p_RbeqsL2qs
UCu6NOHJ_Mjrp7-P452FaS9w,FcG_H4QdbTM
UCu6NOHJ_Mjrp7-P452FaS9w,j0tlv2LfkHg
UCu6NOHJ_Mjrp7-P452FaS9w,Ac8JIOXw_Pw
UCu6NOHJ_Mjrp7-P452FaS9w,mYdbUPpBmmw
UCu6NOHJ_Mjrp7-P452FaS9w,Yoy1429kess
UCK6lv5fUdl_KvvIm0DUPMxw,plDI_7B401E
UCK6lv5fUdl_KvvIm0DUPMxw,hc8SGE2MAs4
UCK6lv5fUdl_KvvIm0DUPMxw,InWUrV2ByPY
UCK6lv5fUdl_KvvIm0DUPMxw,0e81R3not5M
UCK6lv5fUdl_KvvIm0DUPMxw,z3uzdKMONso
UCK6lv5fUdl_KvvIm0DUPMxw,buisiCZmo4w
UCK6lv5fUdl_KvvIm0DUPMxw,B1XSDIlqlG0
UCK6lv5fUdl_KvvIm0DUPMxw,4n7Do8lV9ho
UCK6lv5fUdl_KvvIm0DUPMxw,Y18Agd2wVog
UCK6lv5fUdl_KvvIm0DUPMxw,ZTzEzeZVduw
UC2qZ5pjsRYQgid7qf8kb_mA,2MlEAP40xKs
UC2qZ5pjsRYQgid7qf8kb_mA,6hiEPchKskQ
UC2qZ5pjsRYQgid7qf8kb_mA,nFvzY47amJg
UC2qZ5pjsRYQgid7qf8kb_mA,lzOyRvtUsFo
UC2qZ5pjsRYQgid7qf8kb_mA,moZfoGVJu2g
UC2qZ5pjsRYQgid7qf8kb_mA,o-4AD50z5uo
UC2qZ5pjsRYQgid7qf8kb_mA,MSbtGYYF55A
UC2qZ5pjsRYQgid7qf8kb_mA,_PhG2knrXx0
UC2qZ5pjsRYQgid7qf8kb_mA,G9cv-Pzw3BI
UC2qZ5pjsRYQgid7qf8kb_mA,BuFocxhiTTU
UChtveh9FwElL9gP-y7dbLsQ,uiDhCihhMjE
UChtveh9FwElL9gP-y7dbLsQ,XbrNm3zcMyk
UChtveh9FwElL9gP-y7dbLsQ,0hRvz4djom4
UChtveh9FwElL9gP-y7dbLsQ,N2brWAk951Q
UChtveh9FwElL9gP-y7dbLsQ,mXrFhqnnXp0
UChtveh9FwElL9gP-y7dbLsQ,oApoBKidxPQ
UChtveh9FwElL9gP-y7dbLsQ,OW2FMB1rsGY
UChtveh9FwElL9gP-y7dbLsQ,NDpE9cCntpc
UChtveh9FwElL9gP-y7dbLsQ,kLEozJLGi4A
UChtveh9FwElL9gP-y7dbLsQ,I94nd7a3N3M
UCZNAZPZW6BACo9MaoRQzyrQ,9OM1bnWJUjI
UCZNAZPZW6BACo9MaoRQzyrQ,jZ8Onn3NKwY
UCZNAZPZW6BACo9MaoRQzyrQ,Ey7EZdtM6mY
UCZNAZPZW6BACo9MaoRQzyrQ,qcbaXwJU_io
UCZNAZPZW6BACo9MaoRQzyrQ,Y2-WVrZI93c
UCZNAZPZW6BACo9MaoRQzyrQ,0nTbTT3zYy4
UCZNAZPZW6BACo9MaoRQzyrQ,smPvPDqJ6fA
UCZNAZPZW6BACo9MaoRQzyrQ,uamgTFEKTXw
UCZNAZPZW6BACo9MaoRQzyrQ,WXZGmnKsfro
UCZNAZPZW6BACo9MaoRQzyrQ,QSuTYFObMio
UCU2S7akY1s41OONhyiq4hTQ,aBXur5hvYNk
UCU2S7akY1s41OONhyiq4hTQ,8Atp57OQM5k
UCU2S7akY1s41OONhyiq4hTQ,b0sfposZAo8
UCU2S7akY1s41OONhyiq4hTQ,ZPbE0VuclJ8
UCU2S7akY1s41OONhyiq4hTQ,1oUQEyYe1iY
UCU2S7akY1s41OONhyiq4hTQ,_prWH9vIfsc
UCU2S7akY1s41OONhyiq4hTQ,R_X_o0SNV90
UCU2S7akY1s41OONhyiq4hTQ,4M0UcYI7m8o
UCU2S7akY1s41OONhyiq4hTQ,RCy14Ai6-iA
UCU2S7akY1s41OONhyiq4hTQ,5dnOUi-fPMc
UCnDx4YPWGj6PSVwZhZs6MuQ,DzhMr7J7Plc
UCnDx4YPWGj6PSVwZhZs6MuQ,s8bIjGOgk1w
UCnDx4YPWGj6PSVwZhZs6MuQ,ixkwMUVimp8
UCnDx4YPWGj6PSVwZhZs6MuQ,48cWLUitsL4
UCnDx4YPWGj6PSVwZhZs6MuQ,e5tq6BTf8ew
UCnDx4YPWGj6PSVwZhZs6MuQ,aFsS6wq_rUI
UCnDx4YPWGj6PSVwZhZs6MuQ,7TPcLkkdcoQ
UCnDx4YPWGj6PSVwZhZs6MuQ,6fLEH0tgS_k
UCnDx4YPWGj6PSVwZhZs6MuQ,Jm1fBJqjLuo
UCnDx4YPWGj6PSVwZhZs6MuQ,HM2XqLU5sEc
UCFt2yHT2Ly_er0OdMpjzfvQ,G7j-WqLloEM
UCFt2yHT2Ly_er0OdMpjzfvQ,qOaKNMMfC4o
UCFt2yHT2Ly_er0OdMpjzfvQ,8LASLeMHlE8
UCFt2yHT2Ly_er0OdMpjzfvQ,L5Sh5dVHzXE
UCFt2yHT2Ly_er0OdMpjzfvQ,-itpxuWHR5M
UCFt2yHT2Ly_er0OdMpjzfvQ,W58U6uCrwpw
UCFt2yHT2Ly_er0OdMpjzfvQ,pyehHTuk73c
UCFt2yHT2Ly_er0OdMpjzfvQ,Y-1iXFzZPu4
UCFt2yHT2Ly_er0OdMpjzfvQ,zOcahCwFNI8
UCFt2yHT2Ly_er0OdMpjzfvQ,IaznGjRLUWs
UCNuG5QidepVff-YzVcqmr6Q,o8ZRKAcFE-I
UCNuG5QidepVff-YzVcqmr6Q,grHpqrcb0XI
UCNuG5QidepVff-YzVcqmr6Q,CPCxrk9NmU4
UCNuG5QidepVff-YzVcqmr6Q,o2iJBK46-cU
UCNuG5QidepVff-YzVcqmr6Q,LFpXVogzSJs
UCNuG5QidepVff-YzVcqmr6Q,TgTNHcGWujM
UCNuG5QidepVff-YzVcqmr6Q,SRqhobEoeEU
UCNuG5QidepVff-YzVcqmr6Q,It-HvlgZmFc
UCNuG5QidepVff-YzVcqmr6Q,eEDWQXLj3Vk
UCNuG5QidepVff-YzVcqmr6Q,pHxJxDFJIww
UCcGzXSOID-ksCGzLTr8rLkw,8a3Sn6Ww_JM
UCcGzXSOID-ksCGzLTr8rLkw,mlbaiMLr-5w
UCcGzXSOID-ksCGzLTr8rLkw,iRUdoDGJ5cw
UCcGzXSOID-ksCGzLTr8rLkw,Bpud2afJyyg
UCcGzXSOID-ksCGzLTr8rLkw,uLbEGRIt0Ts
UCcGzXSOID-ksCGzLTr8rLkw,YBPdnuETtHQ
UCcGzXSOID-ksCGzLTr8rLkw,0ZDmQLte2T4
UCcGzXSOID-ksCGzLTr8rLkw,Yu4EHZfN5JQ
UCcGzXSOID-ksCGzLTr8rLkw,g5_d2qV9lXg
UCcGzXSOID-ksCGzLTr8rLkw,jjFmmWWpHBU
UCYxFOE66XD8KLIgZ0iPtviw,CsJ545TLh-Y
UCYxFOE66XD8KLIgZ0iPtviw,zSJ16zx06Bs
UCYxFOE66XD8KLIgZ0iPtviw,4fxzbJRJj_0
UCYxFOE66XD8KLIgZ0iPtviw,K_LoGAG9rZY
UCYxFOE66XD8KLIgZ0iPtviw,DvutQunGY8Q
UCYxFOE66XD8KLIgZ0iPtviw,OCkiQ2xnA9Y
UCYxFOE66XD8KLIgZ0iPtviw,mOg1ycw_G5o
UCYxFOE66XD8KLIgZ0iPtviw,RbJ6X_jdPPs
UCYxFOE66XD8KLIgZ0iPtviw,iCFuVkD1mhA
UCYxFOE66XD8KLIgZ0iPtviw,COswpD1wiZg
UCGsSQIM9g8NRTwccUaVnGkw,5KTRh4wK5BY
UCGsSQIM9g8NRTwccUaVnGkw,VLlwoeN15e8
UCGsSQIM9g8NRTwccUaVnGkw,Q-F97W6PUik
UCGsSQIM9g8NRTwccUaVnGkw,vFR7K4SvLvw
UCGsSQIM9g8NRTwccUaVnGkw,U2E4cvMkdIk
UCGsSQIM9g8NRTwccUaVnGkw,YQfTt9FZtN0
UCGsSQIM9g8NRTwccUaVnGkw,9YdMVOSCgIo
UCGsSQIM9g8NRTwccUaVnGkw,sQnbju3wlaA
UCGsSQIM9g8NRTwccUaVnGkw,XCXmCnn_WGQ
UCGsSQIM9g8NRTwccUaVnGkw,BQQBgZ7GnNg
UC3DXLM_8Lfi6ZT4cXgaM0bg,puIJ12_-fzI
UC3DXLM_8Lfi6ZT4cXgaM0bg,JGStXgtcEuQ
UC3DXLM_8Lfi6ZT4cXgaM0bg,V1Zp6oMnbXk
UC3DXLM_8Lfi6ZT4cXgaM0bg,TWqWHgfAdO4
UC3DXLM_8Lfi6ZT4cXgaM0bg,XuWTlZuSoUU
UC3DXLM_8Lfi6ZT4cXgaM0bg,aw905EMURXs
UC3DXLM_8Lfi6ZT4cXgaM0bg,3WoZit4cXBs
UC3DXLM_8Lfi6ZT4cXgaM0bg,NRSVHtltQEY
UC3DXLM_8Lfi6ZT4cXgaM0bg,FbLDiy9RvBU
UC3DXLM_8Lfi6ZT4cXgaM0bg,p_lMuIxxzts
UC6N6ikPIaIa7QDsGk5rbW-w,hHHnvioY6PE
UC6N6ikPIaIa7QDsGk5rbW-w,jnX-1WzNLLo
UC6N6ikPIaIa7QDsGk5rbW-w,Jgl3j0bGEGY
UC6N6ikPIaIa7QDsGk5rbW-w,Hy_2JK3JiAs
UC6N6ikPIaIa7QDsGk5rbW-w,kQidWKNKqfw
UC6N6ikPIaIa7QDsGk5rbW-w,lqzNqNcSYrc
UC6N6ikPIaIa7QDsGk5rbW-w,qkJv0zXmQVM
UC6N6ikPIaIa7QDsGk5rbW-w,OW8_rl8gI9Y
UC6N6ikPIaIa7QDsGk5rbW-w,w_YZJBfp5PQ
UC6N6ikPIaIa7QDsGk5rbW-w,iGFcdnOxklI
UCU9FjEKGwl40uHfSgjgnYaQ,ERDQ8Zf76zQ
UCU9FjEKGwl40uHfSgjgnYaQ,jYxDRaBj1Fk
UCU9FjEKGwl40uHfSgjgnYaQ,FwLK9N7IRZk
UCU9FjEKGwl40uHfSgjgnYaQ,NDnRE7Qxpss
UCU9FjEKGwl40uHfSgjgnYaQ,NQGRdBFJhCI
UCU9FjEKGwl40uHfSgjgnYaQ,VA2xdYrkQUA
UCU9FjEKGwl40uHfSgjgnYaQ,mrDF7Fz-JjA
UCU9FjEKGwl40uHfSgjgnYaQ,46AZNfRHZyo
UCU9FjEKGwl40uHfSgjgnYaQ,WwojlfeU20Y
UCU9FjEKGwl40uHfSgjgnYaQ,TM09Wxd2gjk
UCkgdDBHO7zl3tWIjldQeK7g,r_C8xF_7_6Y
UCkgdDBHO7zl3tWIjldQeK7g,WrAywNLdo8Q
UCkgdDBHO7zl3tWIjldQeK7g,mXWMq2PeKRU
UCkgdDBHO7zl3tWIjldQeK7g,9Lh4J8oNPrg
UCkgdDBHO7zl3tWIjldQeK7g,vxHkC0wHR1Q
UCkgdDBHO7zl3tWIjldQeK7g,_1CbbYJPCHg
UCkgdDBHO7zl3tWIjldQeK7g,ybXjZdeKKQk
UCkgdDBHO7zl3tWIjldQeK7g,UV-YB2rR-dE
UCkgdDBHO7zl3tWIjldQeK7g,hpYlfPNK12s
UCkgdDBHO7zl3tWIjldQeK7g,iMlko9e7z5k
UCRx_ojH9XUIkbJsvBNNRkAQ,DpQGiqWUeH8
UCRx_ojH9XUIkbJsvBNNRkAQ,9VAa97aoVwU
UCRx_ojH9XUIkbJsvBNNRkAQ,qPCeG2b1P-o
UCRx_ojH9XUIkbJsvBNNRkAQ,7CmlW5RkIZg
UCRx_ojH9XUIkbJsvBNNRkAQ,tkMy1XugCS8
UCRx_ojH9XUIkbJsvBNNRkAQ,QEWW2ltUxbI
UCRx_ojH9XUIkbJsvBNNRkAQ,0kmA6YkypWI
UCRx_ojH9XUIkbJsvBNNRkAQ,_G3NB5Xk8ao
UCRx_ojH9XUIkbJsvBNNRkAQ,PsXLdqJGqrU
UCRx_ojH9XUIkbJsvBNNRkAQ,quOQQniL6Tk
UCJmaB1XL4dFy_PaWgo6QDFA,TXPZ2-MkEQs
UCJmaB1XL4dFy_PaWgo6QDFA,heQz0w1QqdM
UCJmaB1XL4dFy_PaWgo6QDFA,VoFplE_EUjE
UCJmaB1XL4dFy_PaWgo6QDFA,9O0uZvmFCtI
UCJmaB1XL4dFy_PaWgo6QDFA,akaj0NrV-eU
UCJmaB1XL4dFy_PaWgo6QDFA,fc2LDXoYyIM
UCJmaB1XL4dFy_PaWgo6QDFA,mbwxa38qB18
UCJmaB1XL4dFy_PaWgo6QDFA,efqzKVITRuE
UCJmaB1XL4dFy_PaWgo6QDFA,ZBJV1P_1AqI
UCJmaB1XL4dFy_PaWgo6QDFA,ZWEHhi8gvn8
UCGTXb1okE1zFoDMkbnqK7FA,3vIiE1PnVAA
UCGTXb1okE1zFoDMkbnqK7FA,v_RDb9j7Py0
UCGTXb1okE1zFoDMkbnqK7FA,qdEcnMHLZmY
UCGTXb1okE1zFoDMkbnqK7FA,lxZalkLHpw0
UCGTXb1okE1zFoDMkbnqK7FA,9TY8pdoHARc
UCGTXb1okE1zFoDMkbnqK7FA,JdPVbhATMNY
UCGTXb1okE1zFoDMkbnqK7FA,K_3JLOCn9T4
UCGTXb1okE1zFoDMkbnqK7FA,TCj1Ej3e-1A
UCGTXb1okE1zFoDMkbnqK7FA,zLjVwoDPrTY
UCGTXb1okE1zFoDMkbnqK7FA,zYcE290x3tI
UCz-yvDVJlJaKKpaIoa5Qlaw,CQx8h2eGg3A
UCz-yvDVJlJaKKpaIoa5Qlaw,YVblAdWgW34
UCz-yvDVJlJaKKpaIoa5Qlaw,pzKrylSDx9k
UCz-yvDVJlJaKKpaIoa5Qlaw,ATqT530Tcuo
UCz-yvDVJlJaKKpaIoa5Qlaw,L4r6PgdDTAg
UCz-yvDVJlJaKKpaIoa5Qlaw,2qJEYzbP09s
UCz-yvDVJlJaKKpaIoa5Qlaw,bWgtYSxnG80
UCz-yvDVJlJaKKpaIoa5Qlaw,NaGq8SsWwno
UCz-yvDVJlJaKKpaIoa5Qlaw,dqqFSdf0QMQ
UCz-yvDVJlJaKKpaIoa5Qlaw,W9uEy8T5rs0
UCyRkDhrMX_8J9GBLBSdcFPw,9NoYG04U4c0
UCyRkDhrMX_8J9GBLBSdcFPw,KP_fniycVIM
UCyRkDhrMX_8J9GBLBSdcFPw,usSAAfFulU0
UCyRkDhrMX_8J9GBLBSdcFPw,PSnPRy8ZXqM
UCyRkDhrMX_8J9GBLBSdcFPw,7Nkmuay84_E
UCyRkDhrMX_8J9GBLBSdcFPw,sn10A9QP05o
UCyRkDhrMX_8J9GBLBSdcFPw,0nbvRstU7iM
UCyRkDhrMX_8J9GBLBSdcFPw,PvCpJiQmcwg
UCyRkDhrMX_8J9GBLBSdcFPw,UnLDsIROcdg
UCyRkDhrMX_8J9GBLBSdcFPw,f66vlqHbcjA
UC478X8I-R9m-OgaVC-A1q9Q,WqDSkFjhIeA
UC478X8I-R9m-OgaVC-A1q9Q,dX1-35vRPK4
UC478X8I-R9m-OgaVC-A1q9Q,fcrsYBXedPo
UC478X8I-R9m-OgaVC-A1q9Q,JlGQjR4kbZA
UC478X8I-R9m-OgaVC-A1q9Q,krUU_Nfxa18
UC478X8I-R9m-OgaVC-A1q9Q,fvQ8lQ51ELw
UC478X8I-R9m-OgaVC-A1q9Q,X4EW35DkzOg
UC478X8I-R9m-OgaVC-A1q9Q,FduK-sq1uBw
UC478X8I-R9m-OgaVC-A1q9Q,xnY81slp7GA
UC478X8I-R9m-OgaVC-A1q9Q,HGEb10XT1lg
UCepPEAt0EnNTL_0fT1lXYEQ,C0mYhnNg8iI
UCepPEAt0EnNTL_0fT1lXYEQ,SSPPej73x9g
UCepPEAt0EnNTL_0fT1lXYEQ,t04LMIsX9g0
UCepPEAt0EnNTL_0fT1lXYEQ,Dqh10KowCr8
UCepPEAt0EnNTL_0fT1lXYEQ,2tItbNtsaN0
UCepPEAt0EnNTL_0fT1lXYEQ,iR3mjK_maeE
UCepPEAt0EnNTL_0fT1lXYEQ,sAU3D8if33E
UCepPEAt0EnNTL_0fT1lXYEQ,roKcY_vgtnE
UCepPEAt0EnNTL_0fT1lXYEQ,Vq_sk52ocGw
UCepPEAt0EnNTL_0fT1lXYEQ,BdwnKQw4LPU
UClxaS_t7BuTll-XK0HPvBIA,
UCFQrL16qyKN7PLUyPxOIKyQ,ifSrnxtHn4M
UCFQrL16qyKN7PLUyPxOIKyQ,sZ5EPBOZtBQ
UCFQrL16qyKN7PLUyPxOIKyQ,ry6fuZm_cic
UCFQrL16qyKN7PLUyPxOIKyQ,GUW9S5-VQcM
UCFQrL16qyKN7PLUyPxOIKyQ,VtC3waII3Ww
UCFQrL16qyKN7PLUyPxOIKyQ,UMooz1LXcI0
UCFQrL16qyKN7PLUyPxOIKyQ,YKDPptFFzVc
UCFQrL16qyKN7PLUyPxOIKyQ,MZv0hsPnSQs
UCFQrL16qyKN7PLUyPxOIKyQ,LK5aAxrIw6g
UCFQrL16qyKN7PLUyPxOIKyQ,_TnYh_JWDeU
UCWLblS9CwsKWHfPUuwx25tQ,b7Oy4kCAxEk
UCWLblS9CwsKWHfPUuwx25tQ,cNOAyHU4Uds
UCWLblS9CwsKWHfPUuwx25tQ,KXx4XUepNqA
UCWLblS9CwsKWHfPUuwx25tQ,FI4lSOY_BGM
UCWLblS9CwsKWHfPUuwx25tQ,2GffNHQKscg
UCWLblS9CwsKWHfPUuwx25tQ,Cj04zXdTGtE
UCWLblS9CwsKWHfPUuwx25tQ,5NbnsfB5S_I
UCWLblS9CwsKWHfPUuwx25tQ,sTrW4qUVRUU
UCWLblS9CwsKWHfPUuwx25tQ,bgyLLPoxcoA
UCWLblS9CwsKWHfPUuwx25tQ,NiwGGEOBURI
UC5GLNy8aKZj0xYs7s8SvbtA,UlGBnaRZejA
UC5GLNy8aKZj0xYs7s8SvbtA,aB9Wn0SPhW4
UC5GLNy8aKZj0xYs7s8SvbtA,JtXzCFbnw1w
UC5GLNy8aKZj0xYs7s8SvbtA,V-4R2JIz6uA
UC5GLNy8aKZj0xYs7s8SvbtA,wdR-3yeJLAk
UC5GLNy8aKZj0xYs7s8SvbtA,WHiL90aX1D8
UC5GLNy8aKZj0xYs7s8SvbtA,RmAHp0sQxMs
UC5GLNy8aKZj0xYs7s8SvbtA,lgsaKZI-pDA
UC5GLNy8aKZj0xYs7s8SvbtA,PoKYKP42Fcg
UC5GLNy8aKZj0xYs7s8SvbtA,USUrl2r-d_o
UCTp_WPPxWCjdlXK9kqzxm0A,Yu43RVzIXLI
UCTp_WPPxWCjdlXK9kqzxm0A,JSHZR5OIcnM
UCTp_WPPxWCjdlXK9kqzxm0A,XwlX-DUQENQ
UCTp_WPPxWCjdlXK9kqzxm0A,c0R4vSupn8c
UCTp_WPPxWCjdlXK9kqzxm0A,ZwmoyCcTd1w
UCTp_WPPxWCjdlXK9kqzxm0A,l1bwHqmbFcY
UCTp_WPPxWCjdlXK9kqzxm0A,OzuXa6UmYrs
UCTp_WPPxWCjdlXK9kqzxm0A,D1cDMr36xS0
UCTp_WPPxWCjdlXK9kqzxm0A,unU8__0J3Uw
UCTp_WPPxWCjdlXK9kqzxm0A,acS9wDJfl6w
UCKl0tA90oEArasOGzp8I41g,gVe41e250tU
UCKl0tA90oEArasOGzp8I41g,54re9WICoYg
UCKl0tA90oEArasOGzp8I41g,d3tn4lajQTk
UCKl0tA90oEArasOGzp8I41g,oVK3wJw0QjU
UCKl0tA90oEArasOGzp8I41g,mqxM6hu2frU
UCKl0tA90oEArasOGzp8I41g,hefFprkqCOU
UCKl0tA90oEArasOGzp8I41g,1xwTGqiGYig
UCKl0tA90oEArasOGzp8I41g,Oxk9X3Bgbqs
UCKl0tA90oEArasOGzp8I41g,WY9D-_f7Pwk
UCKl0tA90oEArasOGzp8I41g,7JRRoxf1XyQ
UCJInkx8Pw--ayWbYvoKZx7g,kLJdPOkBe-E
UCJInkx8Pw--ayWbYvoKZx7g,jJaXAIZ8QRY
UCJInkx8Pw--ayWbYvoKZx7g,NQ4mh7xtZU8
UCJInkx8Pw--ayWbYvoKZx7g,MiJmUf5hL-c
UCJInkx8Pw--ayWbYvoKZx7g,DdpbvmNGoSs
UCJInkx8Pw--ayWbYvoKZx7g,xRjeST1gu9Q
UCJInkx8Pw--ayWbYvoKZx7g,tGlqE6UywW4
UCJInkx8Pw--ayWbYvoKZx7g,snh326GqKKQ
UCJInkx8Pw--ayWbYvoKZx7g,_IsBF3hBd68
UCJInkx8Pw--ayWbYvoKZx7g,Uk14GJiurdg
UCZfI60r31f6qOedQ0ZV5OQw,abV22esUQ9I
UCZfI60r31f6qOedQ0ZV5OQw,YIYvdr-itHo
UCZfI60r31f6qOedQ0ZV5OQw,3MSnunzT9Eo
UCZfI60r31f6qOedQ0ZV5OQw,cN67gQ2180Y
UCZfI60r31f6qOedQ0ZV5OQw,L0GzYsdq3M8
UCZfI60r31f6qOedQ0ZV5OQw,XEM51ZkSXb4
UCZfI60r31f6qOedQ0ZV5OQw,UwY1HRACX9Y
UCZfI60r31f6qOedQ0ZV5OQw,ckhPK7BBP6o
UCZfI60r31f6qOedQ0ZV5OQw,nOFTvb3_y8o
UCZfI60r31f6qOedQ0ZV5OQw,XK9XK9k6Wag
UC6N61XKiYgIvO7kROi_JXgg,K6lOPi4BEeg
UC6N61XKiYgIvO7kROi_JXgg,9pJOuRGLZyA
UC6N61XKiYgIvO7kROi_JXgg,eSV2sKt1kw4
UC6N61XKiYgIvO7kROi_JXgg,63dJtaLK9-k
UC6N61XKiYgIvO7kROi_JXgg,xVJRc9bgdt4
UC6N61XKiYgIvO7kROi_JXgg,RCN3HdDmlac
UC6N61XKiYgIvO7kROi_JXgg,xKLrYP5CqzY
UC6N61XKiYgIvO7kROi_JXgg,KiwN9ExKSnY
UC6N61XKiYgIvO7kROi_JXgg,QmALTG5cAwM
UC6N61XKiYgIvO7kROi_JXgg,gnDp9b71COs
UCfBDE4ZgmwbQBurDDdRMNfg,A984IkHPuCo
UCfBDE4ZgmwbQBurDDdRMNfg,3yTKIEeyoKY
UCfBDE4ZgmwbQBurDDdRMNfg,g2eA4zrU4os
UCfBDE4ZgmwbQBurDDdRMNfg,CSqsvtpcyII
UCfBDE4ZgmwbQBurDDdRMNfg,u12QBXAYN40
UCfBDE4ZgmwbQBurDDdRMNfg,E-lI47dzpNQ
UCfBDE4ZgmwbQBurDDdRMNfg,4FJjFTfkKgg
UCfBDE4ZgmwbQBurDDdRMNfg,oom2Iu-C_YE
UCfBDE4ZgmwbQBurDDdRMNfg,Yn6ZTsYlfWw
UCfBDE4ZgmwbQBurDDdRMNfg,6nywAlMbfdo
UCSIo2PHOpLPohP7EExkcAWQ,hSyBzAmI530
UCSIo2PHOpLPohP7EExkcAWQ,B54SGaN3lJE
UCSIo2PHOpLPohP7EExkcAWQ,iQ7VRJn1QRg
UCSIo2PHOpLPohP7EExkcAWQ,dHzxA3DR2gA
UCSIo2PHOpLPohP7EExkcAWQ,mCMl1AOjG98
UCSIo2PHOpLPohP7EExkcAWQ,fbhpmzlGBQM
UCSIo2PHOpLPohP7EExkcAWQ,MYdLH8bDoFQ
UCSIo2PHOpLPohP7EExkcAWQ,yyJJ35t9SeE
UCSIo2PHOpLPohP7EExkcAWQ,FsMY3dt3MPk
UCSIo2PHOpLPohP7EExkcAWQ,zbinfWVr1Z4
UCFjnAUCkur-g0MUvavFKOjA,TMljyK3z5iY
UCFjnAUCkur-g0MUvavFKOjA,oRMSGZYxNaU
UCFjnAUCkur-g0MUvavFKOjA,_cFimEtWimk
UCFjnAUCkur-g0MUvavFKOjA,BRr2EgV6Lqg
UCFjnAUCkur-g0MUvavFKOjA,-RtSEX-iZEw
UCFjnAUCkur-g0MUvavFKOjA,ND4biS3ND6c
UCFjnAUCkur-g0MUvavFKOjA,c8nCJ_TEuzs
UCFjnAUCkur-g0MUvavFKOjA,dHdUDPT975s
UCFjnAUCkur-g0MUvavFKOjA,9S3fIqmApEU
UCFjnAUCkur-g0MUvavFKOjA,izjMY5YJM9o
UCvs4cYN1jb8XGw-KtuqpoVg,KxPXU8OwPM0
UCvs4cYN1jb8XGw-KtuqpoVg,-AafA8zJS00
UCvs4cYN1jb8XGw-KtuqpoVg,2bolqhPgBbs
UCvs4cYN1jb8XGw-KtuqpoVg,iaRMyBciNdA
UCvs4cYN1jb8XGw-KtuqpoVg,K5v6hUbbsE0
UCvs4cYN1jb8XGw-KtuqpoVg,grRJRygqQT0
UCvs4cYN1jb8XGw-KtuqpoVg,1U2GjDq8mug
UCvs4cYN1jb8XGw-KtuqpoVg,80BPgBsNIBA
UCvs4cYN1jb8XGw-KtuqpoVg,T028ZOqYK-4
UCvs4cYN1jb8XGw-KtuqpoVg,RG-ywvV2jE4
UCcagySTcoihjLoAJI_FDS1Q,fKb5YQVDnHU
UCcagySTcoihjLoAJI_FDS1Q,rBF9nulihjk
UCcagySTcoihjLoAJI_FDS1Q,N_LCRkQljNA
UCcagySTcoihjLoAJI_FDS1Q,kUr0-6E-Ha4
UCcagySTcoihjLoAJI_FDS1Q,Nb9tZE-SLSU
UCcagySTcoihjLoAJI_FDS1Q,xV194mzKSOI
UCcagySTcoihjLoAJI_FDS1Q,zDOrvoC2ryQ
UCcagySTcoihjLoAJI_FDS1Q,0BOHTsCcl60
UCcagySTcoihjLoAJI_FDS1Q,AXN80dnUDxs
UCcagySTcoihjLoAJI_FDS1Q,6ekOMsb_ky8
UCkna2OcuN1E6u5I8GVtdkOw,E1Sa_paNJBI
UCkna2OcuN1E6u5I8GVtdkOw,rzjHNFH6NVQ
UCkna2OcuN1E6u5I8GVtdkOw,9Fs6UdugqNY
UCkna2OcuN1E6u5I8GVtdkOw,kYgshn1SGpc
UCkna2OcuN1E6u5I8GVtdkOw,59sWdCZFmzM
UCkna2OcuN1E6u5I8GVtdkOw,Etuc95v4mCY
UCkna2OcuN1E6u5I8GVtdkOw,WA40ZvBdcXs
UCkna2OcuN1E6u5I8GVtdkOw,awgo8VYv81Y
UCkna2OcuN1E6u5I8GVtdkOw,eN_OGSfAIsA
UCkna2OcuN1E6u5I8GVtdkOw,MN7x6mAxUYM
UCwSUep0Y_JwaWpFhCg9tUKQ,MIT1ohXWIU8
UCwSUep0Y_JwaWpFhCg9tUKQ,g9zxjXfVDaI
UCwSUep0Y_JwaWpFhCg9tUKQ,zwvbULFlqwI
UCwSUep0Y_JwaWpFhCg9tUKQ,Feg7F8UxmLQ
UCwSUep0Y_JwaWpFhCg9tUKQ,OKM45CO0Wks
UCwSUep0Y_JwaWpFhCg9tUKQ,WGyaiBYvBWo
UCwSUep0Y_JwaWpFhCg9tUKQ,wuyTeFRV1K0
UCwSUep0Y_JwaWpFhCg9tUKQ,X1rlXOoxr-U
UCwSUep0Y_JwaWpFhCg9tUKQ,-vuermpt4rM
UCwSUep0Y_JwaWpFhCg9tUKQ,wTxDp_Hwvag
UCbwr_JmPZbfYsHvtWR0j6bw,BSlvesa2h-4
UCbwr_JmPZbfYsHvtWR0j6bw,lA44spPACnw
UCbwr_JmPZbfYsHvtWR0j6bw,-nNh3qn48lI
UCbwr_JmPZbfYsHvtWR0j6bw,5Kncmbp23wo
UCbwr_JmPZbfYsHvtWR0j6bw,04TukDyrBtA
UCbwr_JmPZbfYsHvtWR0j6bw,7ZSmgGirk1s
UCbwr_JmPZbfYsHvtWR0j6bw,1CLZZxw7Zfc
UCbwr_JmPZbfYsHvtWR0j6bw,VeFi4Q4LAEY
UCbwr_JmPZbfYsHvtWR0j6bw,6te6mr0hd0I
UCbwr_JmPZbfYsHvtWR0j6bw,6ed2MUNPaG8
UCG8ZcEtWAcsYY2jrKuNayUw,K7f4FeT08bE
UCG8ZcEtWAcsYY2jrKuNayUw,8_eh94fe06A
UCG8ZcEtWAcsYY2jrKuNayUw,Zaz0GUZAEB0
UCG8ZcEtWAcsYY2jrKuNayUw,U_O1rZaxZss
UCG8ZcEtWAcsYY2jrKuNayUw,0oWUaY576FU
UCG8ZcEtWAcsYY2jrKuNayUw,0cYfCRhpAy0
UCG8ZcEtWAcsYY2jrKuNayUw,weN4rCsTPBM
UCG8ZcEtWAcsYY2jrKuNayUw,tkAql9gHKL8
UCG8ZcEtWAcsYY2jrKuNayUw,FRrO5zAIR2Q
UCG8ZcEtWAcsYY2jrKuNayUw,OTRZndA0MUA
UCYCh5_-In6wtzWR-s_kM03w,Ssbdrqn3Qlc
UCYCh5_-In6wtzWR-s_kM03w,3t9x39TbOXw
UCYCh5_-In6wtzWR-s_kM03w,_8Y3I1-EjzI
UCYCh5_-In6wtzWR-s_kM03w,2TI-6xnr4sY
UCYCh5_-In6wtzWR-s_kM03w,6LZe43G4h3o
UCYCh5_-In6wtzWR-s_kM03w,Qe1jd2RBAuA
UCYCh5_-In6wtzWR-s_kM03w,BEnYVMaYOi4
UCYCh5_-In6wtzWR-s_kM03w,OmbiPRac8Ek
UCYCh5_-In6wtzWR-s_kM03w,wMvJJ9HGMqw
UCYCh5_-In6wtzWR-s_kM03w,lz2dna1ZVZg
UCjdsHMgFeW_qtVZ9BAZlWzQ,pFuGjQpcseY
UCjdsHMgFeW_qtVZ9BAZlWzQ,0ylkoPhFo1A
UCjdsHMgFeW_qtVZ9BAZlWzQ,kOyfRKES3s8
UCjdsHMgFeW_qtVZ9BAZlWzQ,sm2zWcHYaI8
UCjdsHMgFeW_qtVZ9BAZlWzQ,1WUk3F9SZ6g
UCjdsHMgFeW_qtVZ9BAZlWzQ,kU-JHdJ0CPM
UCjdsHMgFeW_qtVZ9BAZlWzQ,drSInM-XmN0
UCjdsHMgFeW_qtVZ9BAZlWzQ,yeVnKzHGADY
UCjdsHMgFeW_qtVZ9BAZlWzQ,WRGXpIyuTek
UCjdsHMgFeW_qtVZ9BAZlWzQ,HYoRMUuIbiE
UCI2MZll3O7ftETynbDt7FsQ,SvOnxVu7FvI
UCI2MZll3O7ftETynbDt7FsQ,re71annWI9I
UCI2MZll3O7ftETynbDt7FsQ,cUgdORxxAgc
UCI2MZll3O7ftETynbDt7FsQ,aFsLGCAKqwM
UCI2MZll3O7ftETynbDt7FsQ,0bv8AMGh_ys
UCI2MZll3O7ftETynbDt7FsQ,yVRZ79oCPew
UCI2MZll3O7ftETynbDt7FsQ,3OHxkCThICw
UCI2MZll3O7ftETynbDt7FsQ,HrAB2mgTD5E
UCI2MZll3O7ftETynbDt7FsQ,TLzLFs__hFo
UCI2MZll3O7ftETynbDt7FsQ,Y22XC7CYYbQ
UCmECBjRsx5whd8UZx3zOMNw,o-z5N5zJULI
UCmECBjRsx5whd8UZx3zOMNw,wCQirH5w9IY
UCmECBjRsx5whd8UZx3zOMNw,B804IOnaXK0
UCmECBjRsx5whd8UZx3zOMNw,IXxCdU0a6_E
UCmECBjRsx5whd8UZx3zOMNw,4b-YihdqED4
UCmECBjRsx5whd8UZx3zOMNw,gya1lURiEI4
UCmECBjRsx5whd8UZx3zOMNw,N_TEMMK9mB0
UCmECBjRsx5whd8UZx3zOMNw,NKC3UTtTDs0
UCmECBjRsx5whd8UZx3zOMNw,GXDGxioQkLo
UCmECBjRsx5whd8UZx3zOMNw,zAKAzS1fZmM
UC4uf1-QJkwH-9T5ejvncxIA,mM-ajBTPhCc
UC4uf1-QJkwH-9T5ejvncxIA,J-2cevIDj7w
UC4uf1-QJkwH-9T5ejvncxIA,DrRPoQRk9Rk
UC4uf1-QJkwH-9T5ejvncxIA,I-F9_pH98kw
UC4uf1-QJkwH-9T5ejvncxIA,o_53Vgzx--8
UC4uf1-QJkwH-9T5ejvncxIA,hlNzVepNnlk
UC4uf1-QJkwH-9T5ejvncxIA,heLuvS-MjpM
UC4uf1-QJkwH-9T5ejvncxIA,htnH0cETUts
UC4uf1-QJkwH-9T5ejvncxIA,alG1ijCs5ZM
UC4uf1-QJkwH-9T5ejvncxIA,7oAc59j6pxw
UCl7fQDDqR8TqdhFUUFkipWw,k8TvNPYDnN8
UCl7fQDDqR8TqdhFUUFkipWw,AQxywS8AczQ
UCl7fQDDqR8TqdhFUUFkipWw,EXFeQsNJYmU
UCl7fQDDqR8TqdhFUUFkipWw,8QBWNKw8kLg
UCl7fQDDqR8TqdhFUUFkipWw,DfjxNZ4cWE4
UCl7fQDDqR8TqdhFUUFkipWw,Mrm8svRt-qw
UCl7fQDDqR8TqdhFUUFkipWw,7WA2PJdmzDY
UCl7fQDDqR8TqdhFUUFkipWw,4vFH9304U7M
UCl7fQDDqR8TqdhFUUFkipWw,ufMWmT_UC-o
UCl7fQDDqR8TqdhFUUFkipWw,r8yv5eG2yKM
UCcPMzutejYLVoAdMHxH0nEQ,zEufbejF70M
UCcPMzutejYLVoAdMHxH0nEQ,3nUWPk-oxzc
UCcPMzutejYLVoAdMHxH0nEQ,DfqUWDfkzms
UCcPMzutejYLVoAdMHxH0nEQ,MpDw1mcghKU
UCcPMzutejYLVoAdMHxH0nEQ,Fjf4MDoJ2j4
UCcPMzutejYLVoAdMHxH0nEQ,wCmhE2RI8fE
UCcPMzutejYLVoAdMHxH0nEQ,jdRYcVqrSew
UCcPMzutejYLVoAdMHxH0nEQ,iaYr1RwzIv4
UCcPMzutejYLVoAdMHxH0nEQ,UGCWe5bf84k
UCcPMzutejYLVoAdMHxH0nEQ,h3g1hxjzkaI
UCRXCnOAze6W2WKxtf7jhNBQ,lCzAxlRW2vY
UCRXCnOAze6W2WKxtf7jhNBQ,LCJM0REALjg
UCRXCnOAze6W2WKxtf7jhNBQ,rFNmzxBZc_k
UCRXCnOAze6W2WKxtf7jhNBQ,lE9E2Av4LlI
UCRXCnOAze6W2WKxtf7jhNBQ,deGMNJllN9s
UCRXCnOAze6W2WKxtf7jhNBQ,IvtUhL-UP2Q
UCRXCnOAze6W2WKxtf7jhNBQ,IIWwVS86VRQ
UCRXCnOAze6W2WKxtf7jhNBQ,AB6f5vWyhH4
UCRXCnOAze6W2WKxtf7jhNBQ,dWUX9SzhpB8
UCRXCnOAze6W2WKxtf7jhNBQ,LWAIvKIE5Lg
UCwhG60t3hDPDz4_F8uSIeHw,rdkZblgOILs
UCwhG60t3hDPDz4_F8uSIeHw,C07Iz_olbRo
UCwhG60t3hDPDz4_F8uSIeHw,xrQnRAjy8NE
UCwhG60t3hDPDz4_F8uSIeHw,o9Q5StbVeE0
UCwhG60t3hDPDz4_F8uSIeHw,mHT2hDbXZH4
UCwhG60t3hDPDz4_F8uSIeHw,3etvpwplRIc
UCwhG60t3hDPDz4_F8uSIeHw,ynldCTgbT6s
UCwhG60t3hDPDz4_F8uSIeHw,3j66jTDKtEw
UCwhG60t3hDPDz4_F8uSIeHw,Tlxa9cCa98Y
UCwhG60t3hDPDz4_F8uSIeHw,BRGwuHxutWA
UC47WI-kZXFf0H_f7pvaNCEQ,5tP6MtcFuBQ
UC47WI-kZXFf0H_f7pvaNCEQ,vGBPREEqCvE
UC47WI-kZXFf0H_f7pvaNCEQ,9mhOa4qBc9E
UC47WI-kZXFf0H_f7pvaNCEQ,oie3AjZzH_8
UC47WI-kZXFf0H_f7pvaNCEQ,Fd_sM_zBjE0
UC47WI-kZXFf0H_f7pvaNCEQ,CeJGkvafqyY
UC47WI-kZXFf0H_f7pvaNCEQ,gXkSJdPtGMs
UC47WI-kZXFf0H_f7pvaNCEQ,-8yXRIp6MEo
UC47WI-kZXFf0H_f7pvaNCEQ,whJ1cPnI6RE
UC47WI-kZXFf0H_f7pvaNCEQ,nDTQmSO6H0E
UCpI7A5Zz-FdH_8TUir2DQ9g,DWzE3hA0v3E
UCpI7A5Zz-FdH_8TUir2DQ9g,WXjysB4KDe4
UCpI7A5Zz-FdH_8TUir2DQ9g,cgF7rhZt128
UCpI7A5Zz-FdH_8TUir2DQ9g,B7JCiBrr78o
UCpI7A5Zz-FdH_8TUir2DQ9g,R0jNJSUeaes
UCpI7A5Zz-FdH_8TUir2DQ9g,CO5KFXHeTW8
UCpI7A5Zz-FdH_8TUir2DQ9g,QurXuZDHbnc
UCpI7A5Zz-FdH_8TUir2DQ9g,VZ8GgHe56MQ
UCpI7A5Zz-FdH_8TUir2DQ9g,1luW7zSuc5s
UCpI7A5Zz-FdH_8TUir2DQ9g,8MNZZV9K2dU
UCy5mCavdPToXDwzhszKFifg,xXwvtK6edkU
UCy5mCavdPToXDwzhszKFifg,NdgCtXEkrOE
UCy5mCavdPToXDwzhszKFifg,X4Jf4tt_fsE
UCy5mCavdPToXDwzhszKFifg,ui6Ri0AbwiA
UCy5mCavdPToXDwzhszKFifg,luNpZAO1mRg
UCy5mCavdPToXDwzhszKFifg,JS_fVPguIKI
UCy5mCavdPToXDwzhszKFifg,u021sVjSobc
UCy5mCavdPToXDwzhszKFifg,V82WAukhXU4
UCy5mCavdPToXDwzhszKFifg,EbNy51NRTxk
UCy5mCavdPToXDwzhszKFifg,rWDrXMrZvdg
